id,name,gender,age,nickname,phone,email
1,Alex,F,25,abogey0,020-3588-2300,astaples0@google.co.jp
2,Tallulah,\N,18,thamblington1,020-1366-1105,\N
3,Kaela,F,36,kclay2,020-7540-4788,kgasking2@stumbleupon.com
4,Estell,F,59,emelton3,020-4869-8347,\N
5,Raoul,M,36,rpaige4,020-4425-7188,rbergeau4@irs.gov
6,Alysia,F,53,aplumley5,020-2220-2434,aimlin5@google.it
7,Shem,M,41,sdickman6,020-7291-7988,\N
8,Ardisj,F,\N,arickford7,020-3732-5677,aburkett7@privacy.gov.au
9,Jermaine,\N,15,jeckley8,020-3082-8556,jdoran8@soundcloud.com
10,Jehanna,\N,47,jmemmory9,020-7728-7730,jdamrell9@yahoo.co.jp
11,Briant,M,22,bdelberguea,020-2900-5898,bramsella@netvibes.com
12,Kandy,F,\N,kkearleyb,020-5595-6886,kboostb@taobao.com
13,Arty,\N,29,agirkinsc,020-6343-3621,apetlyurac@gizmodo.com
14,Berget,F,46,bivanyushind,020-0264-3153,bboldryd@comsenz.com
15,Chancey,\N,22,cmcmakine,020-3823-1778,\N
16,Milly,F,62,mlebarrf,020-8959-6514,\N
17,Dag,M,59,dyerillg,020-2078-0448,\N
18,Noble,M,21,nebdonh,020-7608-6802,\N
19,Tana,F,38,tcasarii,020-6668-8666,taskhami@miitbeian.gov.cn
20,Celestyna,F,21,cdensiej,020-4916-4449,campsj@rakuten.co.jp
21,Hali,F,61,hhariotk,020-4498-7145,hbonellek@mediafire.com
22,Boycie,M,58,\N,020-0149-6665,bcrocel@princeton.edu
23,Glennie,F,24,gelmanm,020-6246-8684,gbeardsdalem@mozilla.com
24,Horatia,\N,64,hliepinan,020-8372-1092,\N
25,Jabez,M,33,\N,020-3032-3164,jfreddio@theatlantic.com
26,Linea,F,61,\N,020-1148-2417,lletterickp@comcast.net
27,Darby,F,\N,dhellwichq,020-1479-4835,\N
28,Clemmy,F,31,ccossonsr,020-2042-6180,cblockwellr@fema.gov
29,Ronnie,M,35,rsiddons,020-4269-9416,\N
30,Tobiah,M,\N,tchristoflet,020-5256-5110,\N
31,Virginia,\N,47,vdurrandu,020-6151-8130,\N
32,Ab,M,18,aklicherv,020-9502-7022,arochellev@tamu.edu
33,Dur,\N,17,dboscottw,020-4656-3261,\N
34,Janek,M,47,jserchwellx,020-4058-2077,\N
35,Byram,\N,35,buttermarey,020-8550-8828,bwhetsony@gmpg.org
36,Lonnie,\N,31,lkiddz,020-6969-2442,ljoslingz@hubpages.com
37,Evelyn,\N,24,emccutcheon10,020-2988-2718,enutt10@yelp.com
38,Ortensia,F,56,\N,020-6700-5301,onorcop11@state.gov
39,Lockwood,M,\N,lredparth12,020-1051-7909,ltower12@twitter.com
40,Fabiano,M,\N,fwignall13,020-1968-2216,ftomenson13@seesaa.net
41,Ernst,M,\N,euebel14,020-3226-9441,edillway14@dropbox.com
42,Tandy,F,52,tspendlove15,020-2063-0230,tmcinteer15@newyorker.com
43,Sara-ann,F,65,sgrogono16,020-1110-4547,sayris16@feedburner.com
44,Dee dee,\N,19,\N,020-8071-9025,dmayers17@comsenz.com
45,Gloriana,F,\N,gcooper18,020-3185-8693,\N
46,Kiersten,\N,53,kvice19,020-9171-5553,kpothergill19@symantec.com
47,Hedy,F,20,hbellamy1a,020-7161-2382,\N
48,Isabelita,\N,39,ischoffler1b,020-1109-0998,ilahy1b@drupal.org
49,Dora,F,45,dsporner1c,020-3589-6242,dlube1c@boston.com
50,Emory,\N,22,edhenin1d,020-1388-7313,\N
51,Mab,\N,\N,mheatlie1e,020-6372-8068,mtarpey1e@uiuc.edu
52,Adrian,M,48,aquartermain1f,020-8445-9996,adymidowicz1f@businesswire.com
53,Maitilde,F,53,meverex1g,020-7730-4402,\N
54,Galen,\N,\N,\N,020-8825-6300,ghubbocks1h@msn.com
55,Valaria,F,57,vflowerdew1i,020-8322-9001,\N
56,Cammy,F,48,cdenziloe1j,020-6828-6824,cmenhci1j@japanpost.jp
57,Kylynn,F,59,kswash1k,020-1325-9234,koilier1k@alibaba.com
58,Garwin,M,18,gdallinder1l,020-4052-9027,gkubicek1l@meetup.com
59,Tyson,M,38,tdachey1m,020-5122-5008,tbulle1m@github.io
60,Rooney,M,37,rscowcroft1n,020-2619-7934,rharnott1n@wordpress.org
61,Dimitri,M,46,dferrario1o,020-8206-3164,\N
62,Hendrick,M,65,\N,020-5430-5576,hcaseborne1p@ocn.ne.jp
63,Goldia,\N,\N,gconfort1q,020-6805-4625,gtrundell1q@skype.com
64,Currey,\N,42,cedinborough1r,020-5900-8484,cdunniom1r@oakley.com
65,Florina,F,16,fduberry1s,020-6704-3941,\N
66,Sauncho,M,\N,schasemoore1t,020-4794-7167,\N
67,Henrietta,\N,\N,hdewicke1u,020-2137-0173,hmanwell1u@go.com
68,Staci,\N,65,sgillbanks1v,020-1160-4212,savramov1v@unc.edu
69,Linette,F,55,lstannus1w,020-5272-2461,\N
70,Felice,F,\N,fjentzsch1x,020-8802-7602,fbutts1x@posterous.com
71,Boote,M,46,bjozefiak1y,020-0002-2257,bbehan1y@about.com
72,Renelle,F,54,rkauscher1z,020-1854-0724,rlennox1z@gmpg.org
73,Rosanne,\N,30,roscanlon20,020-2656-7685,rthoma20@fc2.com
74,Silvio,M,\N,slewington21,020-6700-0239,staylour21@twitter.com
75,Brigit,F,27,blindermann22,020-3074-1958,\N
76,Jere,M,44,\N,020-4116-1710,jvanes23@spiegel.de
77,Paten,M,\N,pgroundwator24,020-5733-3190,\N
78,Tobit,\N,59,tdeeming25,020-8229-1762,tplumtree25@google.es
79,Caterina,F,54,crecke26,020-5421-2137,cemberson26@europa.eu
80,Al,M,36,\N,020-0641-3794,agemlett27@ox.ac.uk
81,Domenic,\N,50,dtrevascus28,020-9954-8102,dantognetti28@icio.us
82,Brynn,\N,49,\N,020-7670-2063,bbegent29@miibeian.gov.cn
83,Bentley,\N,\N,bhamlington2a,020-1316-6424,\N
84,Jonah,M,59,jbairnsfather2b,020-0427-0014,\N
85,Garret,M,17,ghiggan2c,020-4059-1196,gbilbrey2c@plala.or.jp
86,Dory,M,23,dondrak2d,020-9606-2854,djoire2d@cocolog-nifty.com
87,Matthieu,M,53,\N,020-8792-9946,msoldner2e@so-net.ne.jp
88,Roxanne,F,58,rherculeson2f,020-0516-5473,rvoisey2f@army.mil
89,Vyky,\N,34,vsnar2g,020-3370-1921,veverix2g@storify.com
90,Caresa,F,54,cbarnwell2h,020-6304-7924,cricket2h@washingtonpost.com
91,Lotti,\N,\N,\N,020-5558-8617,lmolohan2i@answers.com
92,Judi,\N,26,jbenduhn2j,020-4201-8094,jbarmby2j@php.net
93,Prent,M,38,pmanuel2k,020-4110-4331,\N
94,Thedric,\N,\N,\N,020-1712-9694,tpentycross2l@sphinn.com
95,Olenka,\N,30,oleys2m,020-1261-3211,oduester2m@vk.com
96,Hyacintha,\N,43,hkeddie2n,020-3869-3609,hjessope2n@fda.gov
97,Christoph,M,\N,\N,020-5771-9798,ccluse2o@livejournal.com
98,Ralina,\N,59,rcollister2p,020-7385-9193,\N
99,Caroline,F,33,caiston2q,020-8308-9880,cmcfadden2q@jalbum.net
100,Matthew,M,54,\N,020-6493-6709,mhumphris2r@bloglovin.com
101,Judith,\N,39,jtiller2s,020-2841-8871,jleckenby2s@samsung.com
102,Taylor,M,56,thughesdon2t,020-9253-5738,tshenfisch2t@earthlink.net
103,Harlen,\N,\N,hedwardson2u,020-2522-9150,hdulin2u@xing.com
104,Iolanthe,F,\N,\N,020-1561-2126,\N
105,Buddie,\N,55,bdowling2w,020-2921-5400,\N
106,Boycey,\N,43,bcoorington2x,020-3047-5898,bfollos2x@unesco.org
107,Ludvig,M,21,lpeacop2y,020-6845-9049,lhickeringill2y@github.io
108,Grant,\N,64,ggiraudeau2z,020-2346-3822,gskully2z@ovh.net
109,Welbie,M,18,wwaud30,020-0701-8872,wlane30@icio.us
110,Bertina,F,22,brestill31,020-9889-2482,bsanter31@csmonitor.com
111,Kriste,F,42,ksimek32,020-0311-6420,kpirozzi32@hao123.com
112,Jaymie,M,38,jgooders33,020-4797-6081,jbrewer33@diigo.com
113,Alena,\N,50,awelbeck34,020-4948-6976,aadnam34@addtoany.com
114,Harrison,M,36,\N,020-3172-2456,hmenhenitt35@businesswire.com
115,Shayne,M,31,skimmons36,020-9913-2914,\N
116,Karlik,M,\N,kbrendeke37,020-6003-6765,\N
117,Cathrine,\N,\N,cunthank38,020-4686-2023,chambly38@nsw.gov.au
118,Cully,\N,\N,cmccaster39,020-1687-1954,cgorick39@statcounter.com
119,Katey,\N,\N,kgoldsack3a,020-1190-2147,\N
120,Kaitlin,\N,50,kthorbon3b,020-4967-5649,kfindlow3b@bloglovin.com
121,Cairistiona,F,42,cratcliffe3c,020-3991-9986,cskahill3c@posterous.com
122,Millicent,F,\N,mduns3d,020-2049-2067,\N
123,Nadya,F,\N,\N,020-6043-7535,nswitzer3e@acquirethisname.com
124,Sebastiano,M,37,scull3f,020-6555-9843,sbaughan3f@cdc.gov
125,Thatcher,M,18,tbernholt3g,020-7789-6278,tkleinzweig3g@google.cn
126,Ulysses,M,54,uemanuele3h,020-4224-4118,ugooms3h@histats.com
127,Zulema,F,58,zarden3i,020-3195-0030,zsimoens3i@newyorker.com
128,Morey,M,27,\N,020-0378-2301,maleksidze3j@yale.edu
129,Amanda,F,44,aseakin3k,020-6304-9603,agartan3k@sciencedaily.com
130,Rowe,F,31,rsorton3l,020-9187-6963,\N
131,Walliw,\N,23,wdillingstone3m,020-4067-1802,\N
132,Trenna,F,49,taburrow3n,020-0509-7567,tcopland3n@people.com.cn
133,Clevey,\N,\N,cschuster3o,020-4288-7095,\N
134,Trevor,\N,53,tvondracek3p,020-1907-0975,tdankersley3p@taobao.com
135,Claudine,F,62,ckillick3q,020-3653-2320,cwoodyeare3q@springer.com
136,Murry,\N,57,\N,020-4790-6178,mmacelroy3r@theatlantic.com
137,Emmerich,M,16,etowriss3s,020-1439-6585,epegrum3s@so-net.ne.jp
